{
  "images" : [
    {
      "filename" : "106881294-1620749189576-gettyimages-1232802276-Dogecoin.jpeg",
      "idiom" : "universal",
      "scale" : "1x"
    },
    {
      "filename" : "106881294-1620749189576-gettyimages-1232802276-Dogecoin@2x.jpeg",
      "idiom" : "universal",
      "scale" : "2x"
    },
    {
      "filename" : "106881294-1620749189576-gettyimages-1232802276-Dogecoin@3x.jpeg",
      "idiom" : "universal",
      "scale" : "3x"
    }
  ],
  "info" : {
    "author" : "xcode",
    "version" : 1
  }
}
